,Control,L16,L20,L36,L9,L32,L33,L31,L26,L30,L2,L12,L40,L29,L34,L21,L19,L4,L1,L18,L3,L27,L8,L25,L28,L11,L7,L17,L14,L38,L23,L10,L15,L22,L24,L6,L13,L37,L35,L5,L39,taxonomy,chn,location
ASV_29,0,22,28,88,5,9,6,21,10,226,11274,27,2,14,7,36,11,782,4,21,71,15,885,7,8,39,25,11,26,15,7,24,13,482,103,13,24,7,2,20,5,Metazoa; Chordata; Actinopteri; Anabantiformes; Anabantidae; Anabas; Anabas testudineus,攀鲈,
ASV_192,0,0,0,0,0,0,0,0,35,0,0,227,0,0,24,0,0,435,0,0,36,73,0,0,0,7,55,0,0,0,0,0,0,0,0,0,78,0,0,0,45,Metazoa; Chordata; Actinopteri; Anabantiformes; Channidae; Channa; Channa argus,乌鳢,
ASV_91,0,0,2386,0,0,2,0,0,0,6,0,0,0,0,0,58,0,0,0,0,0,0,0,0,6,0,0,5,0,0,0,0,0,0,0,0,0,0,1,0,0,Metazoa; Chordata; Actinopteri; Anabantiformes; Channidae; Channa; Channa gachua,宽额鳢,
ASV_73,1,0,0,3,0,2,6,0,5,81,3310,0,2,0,2,16,7,0,0,7,21,4,238,320,36,8,24,0,0,19,552,0,0,0,28,5,25,0,1,28,0,Metazoa; Chordata; Actinopteri; Anabantiformes; Channidae; Channa; Channa striata,线鳢,invasive
ASV_48,2,12,1018,0,651,3,0,9,6,9,516,0,0,0,0,0,4,344,0,7,133,5,195,3,0,868,98,0,15,0,0,3507,5,0,7,10,12,0,1,14,46,Metazoa; Chordata; Actinopteri; Anabantiformes; Channidae; Channa; NA,鳢属,
ASV_215,1,0,589,0,0,0,0,0,132,0,0,128,0,0,0,0,0,0,0,218,159,0,0,0,0,0,0,237,0,0,0,0,0,0,0,0,0,0,0,0,0,Metazoa; Chordata; Actinopteri; Anabantiformes; Osphronemidae; Macropodus; Macropodus chinensis,圆尾斗鱼,
ASV_180,0,0,0,0,0,0,0,0,0,0,0,0,0,0,0,0,0,0,0,139,0,0,0,0,0,0,8,0,0,0,0,505,0,0,3,0,0,0,0,0,0,Metazoa; Chordata; Actinopteri; Anguilliformes; Anguillidae; Anguilla; Anguilla japonica,鳗鲡,
ASV_61,0,0,20,501,5,0,325,2950,3,0,11,15,140,7,4,12,5,0,4,17,168,338,14,7,14,10,10,0,1408,6,0,0,13,16,145,7,362,7,0,105,0,Metazoa; Chordata; Actinopteri; Beloniformes; Adrianichthyidae; Oryzias; Oryzias latipes,中华青鳉,
ASV_137,0,514,0,0,0,111,0,0,26,221,0,0,0,0,35,0,0,0,0,93,0,5,0,3,0,0,0,3,0,104,0,0,169,0,0,0,63,0,0,0,64,Metazoa; Chordata; Actinopteri; Beloniformes; Hemiramphidae; Hyporhamphus; Hyporhamphus intermedius,间下鱵,
ASV_163,0,0,0,0,0,0,0,0,0,0,0,0,0,0,0,0,0,0,0,0,0,0,192,178,0,0,256,0,0,0,0,0,0,0,0,0,0,0,0,0,0,Metazoa; Chordata; Actinopteri; Carangiformes; Carangidae; Trachinotus; Trachinotus ovatus,卵形鲳鯵,
ASV_112,0,0,0,0,20,0,0,0,0,0,0,0,0,0,2,0,0,0,0,164,0,0,57,0,0,0,8,0,0,0,0,0,912,0,0,6,12,0,0,0,0,Metazoa; Chordata; Actinopteri; Centrarchiformes; Centrarchidae; Lepomis; Lepomis macrochirus,蓝鳃太阳鱼,invasive
ASV_65,0,0,0,0,464,2,0,63,0,6,85,0,0,5,0,0,0,341,0,0,9,0,0,0,0,369,546,0,0,0,713,908,5,231,3,4,27,0,1,0,3,Metazoa; Chordata; Actinopteri; Centrarchiformes; Centrarchidae; Micropterus; Micropterus salmoides,大口黑鲈,invasive
ASV_109,0,0,0,0,0,0,74,0,0,0,0,0,0,0,0,0,0,0,0,0,0,0,120,0,0,556,96,0,0,25,0,630,0,0,0,0,0,0,0,0,0,Metazoa; Chordata; Actinopteri; Centrarchiformes; Sinipercidae; Siniperca; Siniperca obscura,暗鳜,
ASV_60,0,0,0,0,0,0,18,2703,2,84,0,0,4,0,2,0,0,0,2,0,0,0,0,930,0,0,0,0,16,0,0,0,8,0,0,0,0,2,0,0,0,Metazoa; Chordata; Actinopteri; Chaetodontiformes; Leiognathidae; Nuchequula; Nuchequula nuchalis,项斑项鲾,
ASV_17,4,217,15057,8,19,242,355,92,81,527,5607,2639,11,436,63,529,92,23,29,52,322,289,1133,1290,114,71,132,29,552,9324,373,70,286,565,25,1351,742,113,179,34,447,Metazoa; Chordata; Actinopteri; Cichliformes; Cichlidae; Coptodon; Coptodon zillii,齐氏罗非鱼,invasive
ASV_3,45,2379,28883,295,656,868,488,1896,552,1852,47756,93541,125,12549,930,57425,2272,3693,207,7635,19571,643,75232,3359,3979,7960,12698,9111,61792,2037,1706,5232,11727,92442,2751,6781,66024,1351,514,5396,620,Metazoa; Chordata; Actinopteri; Cichliformes; Cichlidae; Oreochromis; Oreochromis niloticus,尼罗罗非鱼,invasive
ASV_11,3,2442,65,24404,253,34,211,1283,93,36,60,71,7,30,214,79,1690,56,19,3824,50,47,55,38,32,44,83,465,309,1145,28,1016,1299,84,36,39,82,1021,4,44,13985,Metazoa; Chordata; Actinopteri; Clupeiformes; Clupeidae; Clupanodon; Clupanodon thrissa,花鰶,
ASV_64,0,0,0,0,0,112,7,9,5,0,0,0,2,0,0,0,8,200,3,1392,5,0,0,2136,0,8,0,0,0,0,0,0,396,0,0,0,0,0,2,0,0,Metazoa; Chordata; Actinopteri; Clupeiformes; Engraulidae; Coilia; Coilia grayii,七丝鲚,
ASV_68,0,11,1242,8,1294,7,231,759,702,6,304,268,736,1182,301,18,2261,389,1798,330,130,419,28,474,265,499,0,28,165,0,5,17,11,15,21,9,10,0,228,176,0,Metazoa; Chordata; Actinopteri; Clupeiformes; Engraulidae; Coilia; Coilia mystus,凤鲚,
ASV_351,0,30,0,0,708,0,0,195,27,0,0,0,0,0,0,0,4,0,0,0,7,272,88,0,0,0,0,0,0,0,0,0,0,0,0,0,0,0,0,0,4,Metazoa; Chordata; Actinopteri; Cypriniformes; Acheilognathidae; Acheilognathus; Acheilognathus barbatus,须鱊,
ASV_125,0,26,0,0,648,0,0,0,70,0,0,0,0,0,0,0,0,0,0,0,0,0,119,0,0,0,48,0,0,0,0,0,0,0,3,0,0,0,132,0,39,Metazoa; Chordata; Actinopteri; Cypriniformes; Acheilognathidae; Acheilognathus; Acheilognathus chankaensis,兴凯鱊,
ASV_303,0,0,0,0,172,142,0,0,0,0,0,0,0,0,0,0,0,0,0,0,65,0,0,0,0,0,0,0,0,0,0,0,0,0,0,240,0,0,0,0,0,Metazoa; Chordata; Actinopteri; Cypriniformes; Acheilognathidae; Acheilognathus; Acheilognathus hypselonotus,寡鳞鱊,
ASV_210,0,0,0,0,455,0,0,279,38,149,0,0,0,0,23,0,0,0,0,0,0,0,0,0,0,0,0,0,0,0,0,0,0,0,0,0,0,0,0,0,0,Metazoa; Chordata; Actinopteri; Cypriniformes; Acheilognathidae; Acheilognathus; Acheilognathus imberbis,彩副鱊,
ASV_15,0,0,0,0,20,18,274,0,23,18,34,19,10,0,7,15,23,29373,20,68,27,4,0,8,0,11,42,9,22,50,6,0,24,34,15,8,198,15,8,50,38,Metazoa; Chordata; Actinopteri; Cypriniformes; Acheilognathidae; Rhodeus; Rhodeus ocellatus,高体鳑鲏,
ASV_344,0,0,0,0,0,191,0,111,0,0,0,0,0,0,0,0,0,0,2,0,78,56,0,0,0,0,0,0,0,0,0,0,0,0,0,0,0,0,0,0,0,Metazoa; Chordata; Actinopteri; Cypriniformes; Acheilognathidae; Rhodeus; Rhodeus uyekii,朝鲜鳑鲏,
ASV_345,0,0,0,0,0,0,0,33,0,0,0,0,0,109,0,0,0,0,0,0,77,0,0,0,0,0,0,0,0,0,0,0,0,0,0,0,25,0,1,0,0,Metazoa; Chordata; Actinopteri; Cypriniformes; Cobitidae; Cobitis; Cobitis sp.,花鳅,
ASV_77,1,2082,185,3,647,2,102,7,9,34,313,143,0,1414,86,15,443,646,29,215,153,330,53,491,6,243,32,6,21,0,2462,1231,44,353,377,263,33,5,46,79,0,Metazoa; Chordata; Actinopteri; Cypriniformes; Cobitidae; Misgurnus; Misgurnus anguillicaudatus,泥鳅,
ASV_122,0,7,0,0,700,102,362,370,3,0,0,295,218,768,179,0,0,0,0,0,551,9,118,0,98,9,55,0,108,15,6,16,130,0,0,3,0,0,28,0,38,Metazoa; Chordata; Actinopteri; Cypriniformes; Cyprinidae; Acrossocheilus; Acrossocheilus wenchowensis,温州光唇鱼,
ASV_82,1,358,0,4,9,225,41,8,4,487,0,0,6,517,12,0,7,494,126,1031,42,16,56,665,973,430,0,165,310,44,665,427,73,670,54,693,0,2,3,551,170,Metazoa; Chordata; Actinopteri; Cypriniformes; Cyprinidae; Cirrhinus; Cirrhinus molitorella,鲮鱼,
ASV_27,10,421,1573,17,118,155,34,247,226,118,1569,182,9,283,166,2800,32,583,126,199,457,214,3676,562,3506,1636,4549,100,1075,151,1578,2818,162,182,3521,677,1938,6,148,165,16,Metazoa; Chordata; Actinopteri; Cypriniformes; Cyprinidae; Ctenopharyngodon; Ctenopharyngodon idella,草鱼,
ASV_4,282,3792,1733,130,5419,911,7992,3445,933,1932,10260,3033,1637,4124,851,1729,2154,7389,2720,4649,6902,1517,7858,1154,704,3466,1034,308,5733,1196,1896,14330,5534,2875,1116,3544,1801,82,786,8818,678,Metazoa; Chordata; Actinopteri; Cypriniformes; Cyprinidae; Cyprinus; Cyprinus carpio,鲤,
ASV_53,5,58,22,5,0,6,14,13,6,24,16,0,4,27,3,11,18,18,8,217,80,4,763,6,13,1585,118,152,530,9,13,9548,26,0,30,2219,56,3,1,121,0,Metazoa; Chordata; Actinopteri; Cypriniformes; Cyprinidae; Labeo; Labeo rohita,露斯塔野鲮,invasive
ASV_390,0,0,113,0,0,2,0,0,0,0,16,101,2,0,10,0,0,0,0,0,8,0,0,0,0,0,0,110,0,0,0,0,171,0,0,0,0,0,0,0,0,Metazoa; Chordata; Actinopteri; Cypriniformes; Cyprinidae; Megalobrama; Megalobrama amblycephala,团头鲂,
ASV_12,11,35624,538,16,494,69,121,94,55,95,271,101,19,1249,33,78,573,2031,845,5303,308,233,1131,215,44,2242,103,71,1513,45,3679,6988,2862,771,460,4004,85,24,63,10020,136,Metazoa; Chordata; Actinopteri; Cypriniformes; Cyprinidae; Cirrhinus ; Cirrhinus mrigala,麦瑞加拉鲮,invasive
ASV_113,0,12,95,30,4,0,0,365,38,372,0,176,3,0,0,0,1551,0,0,196,97,115,0,3,0,7,0,0,0,0,0,0,0,0,4,0,33,0,144,4,0,Metazoa; Chordata; Actinopteri; Cypriniformes; Cyprinidae; Ptychobarbus; Ptychobarbus chungtienensis,中甸叶须鱼,
ASV_287,1,0,171,0,0,0,167,0,5,0,0,0,0,0,19,0,0,0,0,0,223,0,56,0,0,0,0,0,0,164,0,0,0,0,0,0,0,0,25,0,0,Metazoa; Chordata; Actinopteri; Cypriniformes; Gastromyzontidae; Vanmanenia; Vanmanenia stenosoma,原缨口鳅,
ASV_143,0,0,0,0,33,224,434,0,4,0,159,0,0,0,6,0,0,47,0,0,170,246,0,0,0,0,0,3,0,16,0,0,152,0,14,6,0,2,0,19,55,Metazoa; Chordata; Actinopteri; Cypriniformes; Gastromyzontidae; Pseudogastromyzon; Pseudogastromyzon meihuashanensis,梅花山拟腹吸鳅,
ASV_123,0,14,161,0,384,102,169,114,0,143,0,0,0,0,20,0,0,228,0,104,192,0,0,0,0,0,15,0,197,0,0,0,0,0,0,0,0,0,87,0,10,Metazoa; Chordata; Actinopteri; Cypriniformes; Gastromyzontidae; Vanmanenia; Vanmanenia stenosoma,原缨口鳅,
ASV_205,0,0,408,0,0,0,5,0,0,0,512,0,0,352,0,0,349,0,2,0,63,3,47,0,36,141,0,0,0,0,0,0,0,0,0,0,0,2,1,0,0,Metazoa; Chordata; Actinopteri; Cypriniformes; Gobionidae; Abbottina; Abbottina obtusirostris,钝吻棒花鱼,
ASV_275,0,0,0,0,0,0,0,0,0,0,0,0,0,0,0,0,0,0,0,0,0,0,126,0,0,0,0,0,0,0,0,0,0,0,0,0,0,107,3,0,28,Metazoa; Chordata; Actinopteri; Cypriniformes; Gobionidae; Hemibarbus; Hemibarbus labeo,唇䱻,
ASV_216,1,0,0,0,225,0,5,0,69,20,0,0,424,0,112,0,0,0,0,0,0,3,0,0,0,0,0,0,0,0,288,0,0,0,0,0,25,0,45,0,0,Metazoa; Chordata; Actinopteri; Cypriniformes; Gobionidae; Hemibarbus; NHemibarbus umbrifer,花䱻,
ASV_281,1,43,203,0,0,0,0,0,0,0,0,0,0,0,0,0,0,0,0,0,45,0,0,0,0,0,85,0,0,0,0,0,0,0,0,0,0,0,1,0,0,Metazoa; Chordata; Actinopteri; Cypriniformes; Gobionidae; Microphysogobio; Microphysogobio tafangensis,建德小鳔鮈,
ASV_467,0,0,0,0,0,6,0,0,22,0,82,0,0,0,5,0,0,99,0,0,119,59,0,151,0,0,13,0,0,0,0,0,11,0,0,0,0,0,0,0,0,Metazoa; Chordata; Actinopteri; Cypriniformes; Gobionidae; Microphysogobio; Microphysogobio tungtingensis,洞庭小鳔鮈,
ASV_537,92,0,0,0,390,0,4,0,51,0,0,0,0,0,0,0,0,231,0,0,0,56,0,4,215,213,23,0,0,0,0,0,0,0,0,0,12,0,0,0,0,Metazoa; Chordata; Actinopteri; Cypriniformes; Gobionidae; Microphysogobio; Microphysogobio fukiensis,福建小鳔鮈,
ASV_119,0,34,0,29,23,0,688,313,397,33,253,0,3,159,145,0,15,8,25,10,151,229,43,3,75,0,48,25,204,0,0,16,370,20,122,8,161,0,93,50,39,Metazoa; Chordata; Actinopteri; Cypriniformes; Gobionidae; Pseudorasbora; Pseudorasbora parva,麦穗鱼,
ASV_377,0,0,0,0,272,0,0,0,12,0,0,0,0,0,0,0,0,0,0,0,0,32,0,0,0,0,0,0,0,0,0,0,0,0,0,0,89,0,0,0,22,Metazoa; Chordata; Actinopteri; Cypriniformes; Gobionidae; Sarcocheilichthys; Sarcocheilichthys nigripinnis,黑鳍鳈,
ASV_276,0,13,0,0,0,0,0,0,48,0,0,0,0,0,0,0,0,0,450,0,0,0,0,0,0,0,0,0,0,0,0,0,67,0,0,0,0,0,1,0,12,Metazoa; Chordata; Actinopteri; Cypriniformes; Gobionidae; Squalidus; Squalidus argentatus,银鮈,
ASV_279,0,0,0,0,0,0,8,0,13,6,245,0,0,0,0,0,184,0,0,0,0,3,0,0,0,702,0,0,0,0,375,0,0,0,0,27,0,0,150,0,3,Metazoa; Chordata; Actinopteri; Cypriniformes; Xenocyprididae; Xenocypris; Xenocypris davidi,黄尾鲴,
ASV_493,6,0,0,0,0,0,0,8,0,0,0,0,0,0,0,179,0,0,0,0,0,0,0,0,0,0,0,0,0,0,0,0,0,0,0,0,0,0,0,0,0,Metazoa; Chordata; Actinopteri; Cypriniformes; Xenocyprididae; Anabarilius; Anabarilius liui,西昌白鱼,
ASV_97,1,0,0,0,163,31,0,0,0,0,0,0,0,321,19,0,195,460,1632,0,109,0,0,320,0,0,0,0,0,7,0,0,0,43,0,0,0,0,1,11,0,Metazoa; Chordata; Actinopteri; Cypriniformes; Xenocyprididae; Culter; Culter alburnus,翘嘴鲌,
ASV_129,1,25,119,151,23,83,107,36,121,158,136,0,0,0,179,215,10,0,0,0,42,219,56,4,60,295,0,0,0,0,0,0,0,0,175,6,61,101,124,0,0,Metazoa; Chordata; Actinopteri; Cypriniformes; Xenocyprididae; Distoechodon; Distoechodon tumirostris,圆吻鲴,
ASV_464,1,0,0,0,0,21,0,0,0,0,0,0,0,0,0,0,0,0,0,0,97,0,0,0,0,0,0,0,0,9,0,0,0,0,0,0,0,0,0,0,0,Metazoa; Chordata; Actinopteri; Cypriniformes; Xenocyprididae; Elopichthys; Elopichthys bambusa,鳡,
ASV_75,1,23,22,31,8,10,28,12,15,46,156,216,4,6,10,15,23,457,4,666,431,40,356,496,883,182,30,246,840,1707,665,247,334,970,1899,11,29,4,7,99,363,Metazoa; Chordata; Actinopteri; Cypriniformes; Xenocyprididae; Hemiculter; Hemiculter leucisculus,䱗,
ASV_36,95,609,106,17,948,28,295,119,216,101,72,72,15,122,113,89,1119,5817,1199,580,899,88,108,69,91,320,619,1059,11161,26,1479,8433,2498,453,376,1496,77,15,57,1625,86,Metazoa; Chordata; Actinopteri; Cypriniformes; Xenocyprididae; Hypophthalmichthys; Hypophthalmichthys molitrix,鲢,
ASV_22,209,1025,1988,100,949,422,858,626,249,1120,369,194,653,1882,431,678,877,7592,1147,15572,1085,386,561,963,471,3160,5674,936,8095,461,1884,18975,3248,1261,726,1473,407,22,143,4119,143,Metazoa; Chordata; Actinopteri; Cypriniformes; Xenocyprididae; Hypophthalmichthys; Hypophthalmichthys nobilis,鳙,
ASV_34,6,1810,88,14,58,139,86,796,30,24988,60,63,14,730,77,482,2347,53,158,513,69,80,84,433,215,55,42,26,321,22,1120,538,173,48,508,85,38,28,11,60,36,Metazoa; Chordata; Actinopteri; Cypriniformes; Xenocyprididae; Megalobrama; Megalobrama terminalis,三角鲂,
ASV_432,0,0,0,0,253,0,0,0,54,0,0,42,0,0,0,0,0,0,0,0,6,0,0,0,114,0,0,0,0,34,0,0,0,0,0,0,0,0,4,0,0,Metazoa; Chordata; Actinopteri; Cypriniformes; Xenocyprididae; Mylopharyngodon; Mylopharyngodon piceus,青鱼,
ASV_71,251,244,6108,56,535,505,1449,1306,1924,366,375,1357,1235,693,866,1847,78,1071,30,271,839,1413,1067,432,164,1056,69,288,245,126,1744,285,1313,198,229,212,418,274,385,102,117,Metazoa; Chordata; Actinopteri; Cypriniformes; Xenocyprididae; Pseudohemiculter ; Pseudohemiculter dispar,南方拟䱗,
ASV_103,227,37,236,0,538,168,361,145,63,179,152,487,0,5,65,0,560,0,25,10,336,133,280,298,0,9,8,234,14,0,0,30,5,0,3,4,108,0,1,0,0,Metazoa; Chordata; Actinopteri; Cypriniformes; Xenocyprididae; Opsariichthys; Opsariichthys acutipinnis,尖鳍鱲,
ASV_218,150,39,0,0,0,0,0,0,0,0,0,0,0,0,0,0,0,0,0,0,190,0,0,0,0,0,0,0,0,0,0,0,0,0,0,98,0,0,36,0,0,Metazoa; Chordata; Actinopteri; Cypriniformes; Xenocyprididae; Opsariichthys; Opsariichthys uncirostris,马口鱼,
ASV_225,1,0,0,0,0,70,139,0,82,0,81,0,0,0,31,0,0,138,0,301,0,27,0,0,0,0,0,0,0,9,0,0,0,0,0,0,0,0,20,73,0,Metazoa; Chordata; Actinopteri; Cypriniformes; Xenocyprididae; Pseudobrama; Pseudobrama simoni,似鳊,
ASV_555,12,0,0,0,19,21,0,55,22,19,17,28,21,0,18,22,7,19,0,10,14,32,50,10,0,20,0,6,0,10,39,34,51,0,0,0,12,8,7,8,0,Metazoa; Chordata; Actinopteri; Cypriniformes; Xenocyprididae; Pseudohemiculter; Pseudohemiculter dispar,南方拟䱗,
ASV_195,0,0,0,0,0,140,0,302,106,0,0,101,0,0,0,0,0,0,0,441,0,0,0,0,0,0,0,0,0,0,0,0,0,0,0,3,0,0,59,155,0,Metazoa; Chordata; Actinopteri; Cypriniformes; Xenocyprididae; Pseudolaubuca; Pseudolaubuca engraulis,寡鳞飘鱼,
ASV_21,0,267,43,19,231,18,944,289,336,3002,62,52,5,1639,113,56,1586,60,338,5156,258,160,910,1557,997,977,53,2897,476,961,6513,568,964,240,371,1209,55,9,15,481,1588,Metazoa; Chordata; Actinopteri; Cypriniformes; Xenocyprididae; Squaliobarbus; Squaliobarbus curriculus,赤眼鳟,
ASV_558,0,0,0,0,0,0,0,0,0,0,0,0,0,0,2,0,0,0,0,0,0,3,0,0,0,0,0,0,0,0,0,0,0,0,0,0,0,0,99,0,0,Metazoa; Chordata; Actinopteri; Cypriniformes; Xenocyprididae; Toxabramis; Toxabramis houdemeri,海南似鱎,
ASV_288,0,0,0,0,0,0,0,138,0,0,0,0,0,0,3,0,0,0,0,236,0,0,0,87,0,0,0,0,0,0,0,0,0,0,0,0,0,0,0,4,0,Metazoa; Chordata; Actinopteri; Cypriniformes; Xenocyprididae; Toxabramis; Toxabramis swinhonis,似鱎,
ASV_477,0,0,0,0,0,0,77,0,0,0,0,0,0,0,0,0,172,0,0,0,0,0,0,0,0,0,0,0,0,0,0,0,0,0,0,0,0,0,0,0,47,Metazoa; Chordata; Actinopteri; Cypriniformes; Xenocyprididae; Xenocypris; Xenocypris fangi,方氏鲴,
ASV_83,0,0,0,0,140,0,0,0,0,0,1257,61,0,553,0,70,201,0,0,0,6,4,45,0,0,0,0,51,0,39,0,0,0,0,0,99,64,0,1,4,6,Metazoa; Chordata; Actinopteri; Cyprinodontiformes; Poeciliidae; Gambusia; Gambusia affinis,食蚊鱼,invasive
ASV_361,0,0,0,0,0,0,0,0,0,0,0,0,0,0,0,0,0,0,0,0,0,0,0,0,0,0,0,0,0,183,0,0,0,0,0,3,0,0,0,0,24,Metazoa; Chordata; Actinopteri; Gobiiformes; Eleotridae; Bostrychus; Bostrychus sinensis,中华乌塘鳢,
ASV_148,0,0,0,0,0,2,0,0,2,838,0,416,0,0,0,0,0,0,0,8,10,5,0,0,0,0,0,0,0,382,0,0,0,0,0,333,0,0,1,4,4,Metazoa; Chordata; Actinopteri; Gobiiformes; Eleotridae; Eleotris; Eleotris oxycephala,尖头塘鳢,
ASV_145,1,0,0,0,0,408,4,0,0,0,0,0,0,0,0,0,0,0,0,502,0,0,0,399,0,200,0,0,0,0,0,0,0,0,0,0,0,0,0,0,0,Metazoa; Chordata; Actinopteri; Gobiiformes; Eleotridae; Eleotris; Eleotris fusca,褐塘鳢,invasive
ASV_297,0,0,0,0,65,0,0,0,0,0,0,0,0,0,0,0,0,0,2,0,6,0,0,0,111,0,0,0,0,0,0,0,0,367,0,0,16,0,0,0,60,Metazoa; Chordata; Actinopteri; Gobiiformes; Gobiidae; Eugnathogobius; Eugnathogobius oligactis,真颌鰕虎鱼,
ASV_38,3,14,22,68,9,13,898,15,119,3089,29,19,6,396,775,17,581,17,6,1059,11,491,25,654,1050,464,22,6,34,209,1454,1077,237,371,6,9,21,397,168,11,226,Metazoa; Chordata; Actinopteri; Gobiiformes; Gobiidae; Glossogobius; Glossogobius giuris,舌鰕虎鱼,
ASV_99,4,0,0,0,213,0,318,0,0,0,0,0,0,173,96,0,0,0,36,0,459,0,0,0,0,0,0,3,0,0,0,748,0,0,0,0,32,0,2,0,0,Metazoa; Chordata; Actinopteri; Gobiiformes; Gobiidae; NA; NA,,
ASV_89,1,0,0,0,0,0,0,0,0,0,0,0,0,0,0,0,714,0,0,612,0,0,0,452,0,0,0,0,905,0,0,0,26,74,3,0,0,0,0,0,0,Metazoa; Chordata; Actinopteri; Gobiiformes; Gobiidae; Odontamblyopus; Odontamblyopus rebecca,狼牙鰕虎鱼,
ASV_84,0,0,0,0,0,4,6,0,0,2751,0,0,0,0,0,0,0,0,0,0,6,0,0,0,0,8,0,5,0,0,300,0,0,0,4,0,0,3,0,0,0,Metazoa; Chordata; Actinopteri; Gobiiformes; Gobiidae; Periophthalmus; Periophthalmus magnuspinnatus,大鳍弹涂鱼,
ASV_57,1,0,0,5,0,6,7,14,3,0,13,0,3,6,3,13,9,9,5,0,9,11,20,3,8,11,0,5,0,6016,6,13,6,23,9,10,9,4,2,0,0,Metazoa; Chordata; Actinopteri; Gobiiformes; Gobiidae; Pseudogobius; Pseudogobius taijiangensis,拟虾虎鱼,
ASV_76,3,258,1232,3,164,0,347,0,105,11,0,0,3,0,55,13,0,432,2,7,583,4,0,5,6,529,0,340,21,143,512,0,79,0,749,4,107,3,289,79,0,Metazoa; Chordata; Actinopteri; Gobiiformes; Gobiidae; Rhinogobius; Rhinogobius cliffordpopei,波氏吻虾虎鱼,
ASV_173,1,0,0,3,0,0,308,0,3,0,0,0,0,0,112,0,0,0,0,0,370,104,88,0,0,0,27,0,0,0,0,0,0,0,0,3,0,0,58,0,0,Metazoa; Chordata; Actinopteri; Gobiiformes; Gobiidae; Rhinogobius; Rhinogobius brunneus,褐吻鰕虎鱼,
ASV_43,102,42,1721,5,4,476,317,119,83,13,1323,415,326,317,79,872,0,140,300,48,1938,395,367,929,160,729,34,9,304,29,387,34,430,15,58,17,80,3,416,70,0,Metazoa; Chordata; Actinopteri; Gobiiformes; Gobiidae; Rhinogobius; Rhinogobius similis,子陵吻虾虎鱼,
ASV_264,0,0,290,0,0,70,0,0,48,0,181,0,0,0,0,0,0,0,0,65,141,38,0,0,0,0,0,0,0,0,0,0,0,0,0,0,0,0,0,0,0,Metazoa; Chordata; Actinopteri; Gobiiformes; Gobiidae; Taenioides; Taenioides sp.,鳗虾虎鱼,
ASV_101,0,0,0,52,0,374,0,1303,371,133,0,0,0,0,5,0,4,0,52,0,0,118,0,4,0,0,11,0,0,503,0,0,0,0,0,0,23,63,1,9,799,Metazoa; Chordata; Actinopteri; Gobiiformes; Gobiidae; Tridentiger; Tridentiger trigonocephalus,纹缟鰕虎鱼,
ASV_164,0,0,0,0,0,32,0,0,32,39,124,0,0,0,241,0,0,0,0,0,11,93,0,539,0,7,0,0,0,0,23,289,0,0,0,0,60,174,0,0,0,Metazoa; Chordata; Actinopteri; Gobiiformes; Odontobutidae; Micropercops; Micropercops swinhonis,小黄黝鱼,
ASV_128,0,0,0,0,576,0,0,0,36,508,15,0,0,0,25,0,0,0,0,287,71,0,0,0,0,0,13,0,0,0,0,0,0,0,0,0,0,0,0,0,0,Metazoa; Chordata; Actinopteri; Gobiiformes; Odontobutidae; Odontobutis; Odontobutis potamophila,河川沙塘鳢,
ASV_59,0,0,0,0,0,2,7,9,233,0,0,0,2,1278,2,0,6,0,46,1049,6,36,13,6,6,7,0,288,349,73,0,0,71,0,10,657,0,242,94,0,56,Metazoa; Chordata; Actinopteri; Mugiliformes; Mugilidae; Mugil; Mugil cephalus,鲻,
ASV_40,0,14,19,3,7,8,67,6319,1269,12,12,25,0,6,26,0,8,0,5,9,14,1833,19,8,13,0,17,8,15,8,6,11,5,21,4,6,27,821,307,8,225,Metazoa; Chordata; Actinopteri; Mugiliformes; Mugilidae; Liza; Liza carinata,棱鮻,
ASV_32,6,18,22,127,12,20,557,14097,1818,105,35,39,5,11,3,34,11,23,2,24,35,451,30,8,154,29,29,9,39,286,8,15,25,29,20,15,41,563,3,23,2580,Metazoa; Chordata; Actinopteri; Mugiliformes; Mugilidae; Planiliza; Planiliza macrolepis,大鳞鮻,
ASV_30,1,433,36,3,7,105,8052,28,81,1334,23,25,4,2595,9,23,514,16,6,377,9,294,38,534,921,17,14,1256,31,213,17,27,15,369,15,10,29,4,112,0,0,Metazoa; Chordata; Actinopteri; Mugiliformes; Mugilidae; Planiliza; Planiliza haematocheilus,鮻,
ASV_337,0,0,0,0,0,0,0,221,0,0,0,0,0,0,17,0,0,0,0,0,0,53,0,0,0,0,21,0,0,0,0,0,0,0,0,0,0,0,0,0,0,Metazoa; Chordata; Actinopteri; Mugiliformes; Mugilidae; Valamugil; Valamugil speigleri,斯氏凡鲻,
ASV_16,321,1449,2072,380,1716,1154,2773,4043,989,5552,4178,927,854,588,1093,77,3973,3959,207,1665,1479,1593,2089,393,979,1283,1380,858,1544,3122,1504,1894,397,992,873,76,1369,549,493,473,308,Metazoa; Chordata; Actinopteri; Cypriniformes; Cyprinidae; Carassius; Carassius auratus,鲫,
ASV_39,3,10,13,3,0,0,0,6180,308,8,0,15,870,6,3,0,0,0,0,7,5,4,13,0,0,7,0,0,18,146,5,0,6,0,8,0,13,11,0,0,130,Metazoa; Chordata; Actinopteri; Perciformes; Ambassidae; Ambassis; Ambassis gymnocephalus,眶棘双边鱼,
ASV_56,1,8,19,0,216,0,4,0,3,7,0,0,2,0,0,0,0,0,0,0,5,0,15,3,0,9,0,0,0,0,0,4883,0,0,7,8,63,0,1,0,0,Metazoa; Chordata; Actinopteri; Perciformes; Serranidae; Epinephelus; Epinephelus fuscoguttatus,褐点石斑鱼,
ASV_121,0,0,0,0,0,0,0,0,3,0,0,0,0,0,0,0,0,0,0,0,0,0,0,0,0,0,0,0,332,0,0,0,0,0,0,0,649,0,2,0,0,Metazoa; Chordata; Actinopteri; Pleuronectiformes; Cynoglossidae; Cynoglossus; Cynoglossus bilineatus,双线舌鳎,
ASV_147,0,0,0,0,0,0,0,0,0,419,0,0,0,0,0,11,0,0,0,359,0,0,0,0,0,254,0,0,0,0,0,0,0,0,0,3,0,0,0,0,0,Metazoa; Chordata; Actinopteri; Scombriformes; Stromateidae; Pampus; Pampus argenteus,银鲳,
ASV_482,0,0,0,0,0,0,0,90,0,0,0,0,0,0,0,0,0,0,24,0,0,61,0,0,0,0,0,0,0,24,0,0,0,0,0,0,0,0,0,0,0,Metazoa; Chordata; Actinopteri; Scombriformes; Trichiuridae; Trichiurus; Trichiurus japonicus,日本带鱼,
ASV_118,0,0,0,0,50,0,0,0,35,302,0,0,0,0,0,322,0,0,0,327,15,73,28,0,0,197,20,0,0,0,0,307,0,0,47,0,47,0,1,0,0,Metazoa; Chordata; Actinopteri; Siluriformes; Bagridae; Tachysurus; Tachysurus fulvidraco,黄颡鱼,
ASV_58,2,1132,1252,5,837,4,9,12,4,279,1181,17,3,7,3,101,10,205,2,14,12,10,262,273,12,262,78,8,320,6,10,3490,282,1877,42,18,375,4,1,84,4,Metazoa; Chordata; Actinopteri; Siluriformes; Clariidae; Clarias; Clarias fuscus,胡子鲇,
ASV_52,0,19,796,4,68,6,15,13,11,24,536,1662,5,9,10,1234,215,334,556,17,23,17,4880,7,12,24,3357,7,888,11,13,408,688,994,19,10,409,6,2,15,10,Metazoa; Chordata; Actinopteri; Siluriformes; Clariidae; Clarias; Clarias gariepinus,革胡子鲶,invasive
ASV_19,2,54,101,19,526,26,44,49,23,48,5380,10185,17,647,12,10061,1444,1866,104,1099,2237,49,3148,39,98,740,107,889,2837,32,33,1137,1545,6345,1259,868,541,19,11,183,3,Metazoa; Chordata; Actinopteri; Siluriformes; Loricariidae; Pterygoplichthys; Pterygoplichthys disjunctivus,脂身鲶,invasive
ASV_241,0,21,233,0,0,164,52,0,20,0,0,0,0,0,0,0,0,141,0,55,0,50,78,0,0,0,16,0,0,0,0,0,0,17,0,0,0,0,0,0,0,Metazoa; Chordata; Actinopteri; Siluriformes; Siluridae; Silurus; Silurus asotus,鲶鱼,
ASV_200,0,0,0,0,0,0,0,0,0,0,0,0,0,0,0,0,0,0,0,0,0,0,178,0,0,109,41,0,0,0,0,0,0,0,0,0,0,0,0,0,0,Metazoa; Chordata; Actinopteri; Spariformes; NA; NA; NA,,
ASV_140,0,0,0,0,0,0,0,0,0,0,0,0,0,0,0,0,0,0,2,0,0,0,0,0,0,0,18,0,0,0,0,0,0,0,770,0,0,0,0,4,333,Metazoa; Chordata; Actinopteri; Spariformes; Sparidae; Acanthopagrus; Acanthopagrus latus,黄鳍棘鲷,
ASV_104,0,0,139,0,606,0,0,10,29,473,272,0,0,0,296,1092,0,0,8,0,5,52,0,0,163,5,0,0,0,0,0,0,0,0,0,0,25,0,55,0,0,Metazoa; Chordata; Actinopteri; Synbranchiformes; Mastacembelidae; Mastacembelus; Mastacembelus sinensis,中华刺鳅,
ASV_37,0,10,6374,7,0,4,10,181,4,6,0,26,2,5,258,15,403,0,0,12,52,218,14,631,304,15,264,3,0,44,0,563,5,15,60,11,169,2,5,0,3,Metazoa; Chordata; Aves; Anseriformes; Anatidae; Anser; Anser cygnoides,,
ASV_42,0,30,7085,5,46,19,256,925,7,18,20,34,4,12,150,26,9,0,51,16,121,621,13,4,1450,13,34,5,740,154,63,927,8,0,39,4,138,2,77,0,0,Metazoa; Chordata; Aves; Anseriformes; Anatidae; Anser; NA,,
ASV_72,0,1073,0,0,139,3,0,21,0,0,0,18,0,0,33,0,4,0,282,0,446,3,12,0,11,195,920,0,42,26,351,149,259,0,4,3,20,3,1,0,0,Metazoa; Chordata; Aves; Anseriformes; Anatidae; Cairina; Cairina moschata,,
ASV_10,3,35,1691,52,55,23,27,1674,82,178,437,19448,10,1646,144,222,935,210,20,353,491,135,301,13,2498,184,3015,21,101,510,721,60,66,199,49,416,292,225,6,61,8,Metazoa; Chordata; Aves; Anseriformes; Anatidae; NA; NA,,
ASV_102,0,0,0,0,0,0,0,0,3,0,37,0,0,0,0,0,0,0,0,774,314,0,0,0,8,0,129,0,0,0,0,0,245,0,78,0,538,0,0,0,0,Metazoa; Chordata; Aves; Columbiformes; Columbidae; Columba; Columba livia,,
ASV_220,0,0,0,0,0,2,0,0,0,0,639,0,0,0,0,0,0,0,0,0,0,0,0,0,0,0,0,0,0,0,0,0,0,0,0,0,0,0,1,0,0,Metazoa; Chordata; Aves; Columbiformes; Columbidae; Streptopelia; Streptopelia chinensis,,
ASV_23,5,817,3510,62,58,148,39,460,125,74,571,272,10,152,161,13923,513,488,35,224,405,180,97,639,1047,568,5066,22,512,19868,368,1380,379,246,425,145,726,141,9,42,22,Metazoa; Chordata; Aves; Galliformes; Phasianidae; NA; NA,,
ASV_87,0,0,203,0,2054,0,0,0,0,0,0,1075,2,0,36,366,0,0,0,0,0,118,0,0,0,0,0,3,0,0,0,0,0,0,5,0,0,2,1,0,20,Metazoa; Chordata; Aves; Passeriformes; Muscicapidae; Oenanthe; Oenanthe isabellina,,
ASV_117,168,0,0,0,453,0,0,0,0,0,0,0,0,472,0,0,0,0,0,0,0,0,0,0,0,0,0,0,0,0,0,0,0,0,0,0,0,0,0,0,0,Metazoa; Chordata; Aves; Passeriformes; Pycnonotidae; Pycnonotus; NA,,
ASV_311,0,0,0,0,0,0,0,0,0,0,0,0,0,0,0,225,0,0,0,38,0,0,0,0,0,0,0,0,0,0,0,0,0,0,23,0,0,0,0,0,0,Metazoa; Chordata; Aves; Pelecaniformes; Ardeidae; Nycticorax; Nycticorax nycticorax,,
ASV_45,2,9,293,15,20,9,19,542,130,10,0,490,6,278,2,281,12,571,14,192,88,969,252,59,10868,357,681,13,296,6,9,20,202,0,611,7,102,7,5,5,23,Metazoa; Chordata; Mammalia; Artiodactyla; Bovidae; Bos; NA,,
ASV_79,0,0,2042,0,34,0,0,0,347,0,0,0,0,0,2,0,0,0,0,0,11,5,0,511,90,257,399,3,0,0,0,0,0,0,3,3,0,3,13,0,0,Metazoa; Chordata; Mammalia; Artiodactyla; Bovidae; Capra; NA,,
ASV_257,0,0,0,0,251,0,0,113,0,0,0,0,0,0,0,0,0,0,0,0,0,118,0,0,0,0,0,0,0,0,0,0,0,0,0,0,21,0,0,0,0,Metazoa; Chordata; Mammalia; Artiodactyla; Bovidae; NA; NA,,
ASV_235,0,0,0,0,5,0,0,0,0,0,0,0,0,0,0,0,0,0,0,0,0,0,0,0,0,194,98,0,0,0,0,0,0,0,0,0,0,0,0,48,0,Metazoa; Chordata; Mammalia; Artiodactyla; Bovidae; Ovis; NA,,
ASV_25,66,220,8938,21,147,889,422,1692,128,169,1058,935,502,740,392,678,1096,1075,587,1974,858,2008,630,725,1925,2184,30022,1164,2668,80,1725,5730,1316,847,2846,202,1068,1914,112,118,19,Metazoa; Chordata; Mammalia; Artiodactyla; Suidae; Sus; Sus scrofa,,
ASV_70,1,0,3663,3,274,0,4,0,3,0,39,0,0,0,40,0,0,224,0,0,88,3,110,0,0,11,67,0,0,0,0,19,5,0,12,0,81,15,76,96,9,Metazoa; Chordata; Mammalia; Carnivora; Canidae; Canis; Canis lupus,,
ASV_166,1,0,0,0,0,0,711,0,0,0,0,0,0,0,0,0,0,0,0,0,0,59,0,0,0,0,0,0,0,0,0,0,0,0,14,0,0,0,0,0,0,Metazoa; Chordata; Mammalia; Perissodactyla; Equidae; Equus; NA,,
ASV_8,395,1341,4833,964,6186,1222,3361,4023,2543,2954,3637,3717,2026,4039,1894,2173,3406,2203,3933,2141,1578,5422,3153,2945,3692,9324,2151,1813,3734,535,1839,2865,4941,1359,1820,1424,3333,3138,401,465,183,Metazoa; Chordata; Mammalia; Primates; Hominidae; Homo; Homo sapiens,,
ASV_44,10,450,903,1651,71,220,1518,2121,625,1051,584,193,10,12,718,729,308,385,189,1089,115,1319,784,2014,1006,1244,38,18,373,408,582,46,303,273,29,17,544,50,372,54,79,Metazoa; Chordata; Mammalia; Primates; NA; NA; NA,,
ASV_267,0,0,0,0,0,0,0,23,0,0,0,0,244,0,2,0,0,0,0,0,0,0,0,0,0,0,0,0,0,23,0,0,0,0,0,0,0,0,0,0,12,Metazoa; Chordata; Mammalia; Rodentia; Muridae; Rattus; Rattus korinchi,,
ASV_155,0,35,0,0,0,0,5,0,0,0,0,0,0,0,0,0,0,0,0,0,87,3,141,0,0,0,0,0,0,49,0,0,0,0,0,573,0,0,0,0,0,Metazoa; Chordata; Mammalia; Rodentia; Muridae; Rattus; Rattus nitidus,,
ASV_46,0,11,623,0,39,9,2010,2042,56,6,757,457,6,5,4,17,6,61,200,10,59,1452,94,7,51,13,241,5,1252,10,108,20,35,40,259,11,831,0,0,172,0,Metazoa; Chordata; Mammalia; Rodentia; Muridae; Rattus; Rattus norvegicus,,
ASV_217,0,0,0,0,0,0,0,0,0,0,0,0,0,0,56,0,0,0,0,0,7,0,0,0,0,0,0,0,0,0,0,0,201,0,0,3,30,0,183,0,0,Metazoa; Chordata; Mammalia; Rodentia; Muridae; Rattus; Rattus tanezumi,,
ASV_94,0,528,96,3,482,30,518,26,502,205,18,463,337,6,130,0,0,991,425,0,272,4,118,0,88,724,17,7,19,7,84,0,92,287,138,0,22,188,112,0,90,Metazoa; Chordata; Reptilia; Testudines; NA; NA; NA,,
ASV_343,0,0,0,0,15,0,0,0,0,0,0,0,0,0,0,0,0,0,0,0,0,0,0,0,0,26,0,0,0,0,180,0,0,0,0,0,0,0,1,0,0,Metazoa; Chordata; Reptilia; Testudines; Trionychidae; Pelodiscus; NA,,
ASV_81,0,12,353,0,78,0,0,0,2,0,0,0,0,662,0,0,0,0,173,0,0,6,148,936,0,6,0,0,0,0,0,0,32,0,0,0,0,5,2,0,0,Metazoa; NA; NA; NA; NA; NA; NA,,
